02_probes/p1_target_keyed.rs	unstated
02_probes/p2_adjudicator_as_free_key.rs	unstated
02_probes/p3_adjudicator_derived.rs	unstated
02_probes/p4_two_rules.rs	unstated
02_probes/p5_domain_derives_range.rs	unstated
02_probes/p6_run_checks.rs	unstated
02_probes/sign_domain.py	unstated
02_probes/sign_domain2.py	unstated
02_probes/sign_domain3.py	unstated
02_probes/sign_domain4.py	unstated
03_probes/i1_shape_space.py	unstated
03_probes/i2_corrected.py	unstated
03_probes/i3_independent.rs	unstated
03_probes/i4_categories.py	unstated
03_probes/i5_scaling.py	unstated
06_probes/p1_site_enumeration.py	stated
06_probes/p2_overshoot_mechanism.py	unstated
06_probes/p3_formula_vs_extremum.rs	unstated
06_probes/p4_cross_family_join.rs	unstated
06_probes/p5_tight_product_form.py	stated
06_probes/p6_waste_region.py	unstated
06_probes/p7_negctl.rs	unstated
06_probes/p7_tight_form_in_typestate.rs	unstated
07_probes/cmp_asm.py	unstated
07_probes/p1_rounding_adjunction.py	unstated
07_probes/p2_moore_family.py	unstated
07_probes/p3_best_abstraction_closed_form.py	unstated
07_probes/p4_composition_and_forced_adjoint.py	unstated
07_probes/p5_postfixpoint_accumulator.py	unstated
07_probes/p6_core.rs	stated
07_probes/p6_negctl_arm_a.rs	stated
07_probes/p6_negctl_arm_b.rs	stated
07_probes/p6_sufficiency_as_a_bound.rs	unstated
07_probes/p7_moore_completion_cost.py	unstated
08_probes/i1_classify.py	unstated
08_probes/i1b_classify.py	unstated
08_probes/i2_lattice.py	unstated
08_probes/i2b_valid_shapes.py	unstated
08_probes/i2c_join_closure.py	unstated
08_probes/i2d_per_family.py	unstated
08_probes/i2e_corrected_window.py	unstated
08_probes/i3_encoding_and_denotation.py	unstated
08_probes/p3_negctl2.rs	stated
08_probes/p3_segmented_typestate.rs	stated
08_probes/p3_shapes_include.rs	stated
100_probes/cone.py	unstated
100_probes/p1_what_the_instability_is_made_of.py	stated
100_probes/p2_generation_relocates_the_check.py	stated
100_probes/p2b_why_the_strict_rung_caught_nothing.py	stated
100_probes/p3_mutant_generator_bug.rs	stated
100_probes/p3_run.sh	unstated
100_probes/p3_three_encodings.rs	stated
100_probes/p3b_const_eval_scaling.py	unstated
100_probes/p4_the_differential_wants_a_band.py	stated
100_probes/p4b_normalisation_breaks_independence.py	stated
100_probes/p5_the_region_is_written_down_twice.py	unstated
100_probes/p6_verify_my_citations.py	stated
100_probes/p7_the_control_arm_across_every_family_that_has_one.py	stated
100_probes/p8_the_tail_coordinate_is_the_wrong_statistic.py	stated
100_probes/p9_does_the_cost_table_survive_into_the_binary.sh	stated
101_probes/p0_control_identity_on_every_pair.sh	stated
101_probes/p10_the_two_knobs_are_separable.py	unstated
101_probes/p11_separation_against_expressiveness.py	stated
101_probes/p1_the_coordinate_census.py	stated
101_probes/p2_normalisation_is_a_change_of_basis.py	stated
101_probes/p3_the_exchange_rate_and_its_cells.py	stated
101_probes/p4_what_a_coordinate_buys.py	stated
101_probes/p5_an_estimator_is_a_coordinate_choice.py	stated
101_probes/p6_accuracy_is_not_a_per_arm_scalar.py	stated
101_probes/p7_a_fidelity_coordinate/src/main.rs	stated
101_probes/p8_the_region_key_carries_the_thread_count.py	stated
101_probes/p9_verify_my_citations.py	stated
102_probes/p1_the_corpus_compares_cost_at_a_fixed_answer.py	unstated
102_probes/p2_first_version_setup_that_helped.rs	unstated
102_probes/p2_which_of_25s_axes_change_the_answer.rs	unstated
102_probes/p3_first_version_contractive_chain_no_crossing.py	unstated
102_probes/p3_the_crossing_is_an_arm_family.py	unstated
102_probes/p4_is_chain_depth_const_available.rs	stated
102_probes/p5_a_measured_coordinate_over_answer_differing_arms.py	unstated
102_probes/p6_check_my_own_citations.py	stated
103_probes/p1_what_the_committed_data_records.py	unstated
103_probes/p2_two_arms_two_answers/src/main.rs	unstated
103_probes/p3_same_input_two_answers/src/main.rs	unstated
103_probes/p4_the_harness_gate_refuses_a_committed_family/src/main.rs	stated
103_probes/p5_census_what_each_family_pins.py	unstated
103_probes/p6_the_region_census.py	unstated
103_probes/p7_the_constraint_on_real_arms.py	stated
103_probes/p7_the_constraint_on_real_arms/src/main.rs	unstated
103_probes/p8_when_the_gate_was_actually_running.py	unstated
103_probes/p9_check_my_own_citations.py	unstated
106_probes/p2_corpus_counts.sh	unstated
106_probes/p3_prewiring_join.py	unstated
106_probes/p4_check_my_own_citations.py	stated
106_probes/p6_anchor_census.sh	unstated
106_probes/p7_count_the_ratio.sh	unstated
107_probes/p0_test_gate.sh	unstated
107_probes/p10_the_numbers_106_says_it_verified.sh	unstated
107_probes/p11_check_my_own_citations.py	unstated
107_probes/p1_anchor_set_difference.sh	unstated
107_probes/p2_are_the_citations_locatable.sh	unstated
107_probes/p2b_locatable_including_finding_ids.sh	unstated
107_probes/p3_the_set_difference_106_did_not_run.sh	unstated
107_probes/p4_the_four_meaningless_greens.sh	unstated
107_probes/p5_reproduce_the_prewiring_join.sh	unstated
107_probes/p6_the_law_bullet_is_false_at_signed_saturating.sh	unstated
107_probes/p7_droplist_completeness.sh	stated
107_probes/p8_what_the_droplist_missed.sh	unstated
107_probes/p9_the_defence_quotes_half_its_own_source.sh	unstated
108_probes/p0_test_gate.sh	unstated
108_probes/p1_where_observable_came_from.sh	unstated
108_probes/p2_first_version_contracting_chain.rs	unstated
108_probes/p2b_observability_is_decided_by_the_chain.rs	unstated
108_probes/p2c_a_sound_conservative_predicate.rs	unstated
108_probes/p3_five_readings_and_one_contradiction.py	unstated
108_probes/p4_one_name_two_carriers.rs	unstated
108_probes/p4_read_the_asm.sh	unstated
108_probes/p5_the_fidelity_coordinate_is_constant_where_clause_three_holds.py	unstated
108_probes/p6_two_objects_one_word.py	unstated
108_probes/p7_check_my_own_citations.py	unstated
109_probes/p0_const_trait_spelling_on_the_pin.rs	unstated
109_probes/p1_value_set_and_realisation_are_independent.rs	unstated
109_probes/p2_a_declared_law_is_a_claim_nothing_constrains.rs	stated
109_probes/p3_three_sameness_relations_and_what_each_licenses.rs	unstated
109_probes/p3b_marker_makes_identical_resolutions_incompatible.rs	unstated
109_probes/p4_the_bounded_panic_erases_under_lowering.rs	stated
109_probes/p5_a_carried_range_eliminates_the_completion.rs	unstated
109_probes/p5b_overflowing_range_must_be_refused.rs	unstated
109_probes/p6_chain_accuracy_is_not_a_property_of_a_value.rs	stated
109_probes/p8_when_an_encoding_is_observable.rs	unstated
10_probes/ladder.rs	unstated
10_probes/p01_assoc_const_in_array_len_nogate.rs	unstated
10_probes/p02_assoc_const_min_gca.rs	unstated
10_probes/p03_type_const_rhs.rs	unstated
10_probes/p04_type_const_block.rs	unstated
10_probes/p05_const_arg_from_param.rs	unstated
10_probes/p06_type_const_forward_only.rs	unstated
10_probes/p07_structural_type_const_array.rs	unstated
10_probes/p08a_alias_nat_diag.rs	unstated
10_probes/p08b_opaque_nat_diag.rs	unstated
10_probes/p09a_lawsite_control.rs	unstated
10_probes/p09b_lawsite_named_relation.rs	stated
10_probes/p09c_lawsite_named_clean.rs	stated
10_probes/p10_bridge_diag.rs	stated
10_probes/p11_suppress_table.rs	stated
10_probes/p12_improved_full.rs	unstated
10_probes/p13_diag_showcase.rs	unstated
10_probes/p14_bridge_laziness.rs	unstated
10_probes/p15_dense_bridge.rs	unstated
10_probes/p16_single_bound.rs	unstated
10_probes/reproduced/ladder.rs	unstated
10_probes/reproduced/p4_structural_wide.rs	unstated
10_probes/reproduced/p5_total_ladder.rs	unstated
10_probes/reproduced/p6_surface_end_to_end.rs	unstated
10_probes/reproduced/p7_law_site.rs	unstated
110_probes/p10_the_freedom_test_rebuilt_as_minimal_determining_sets.py	stated
110_probes/p11_congruence_is_free_lifting_is_not.py	stated
110_probes/p12_the_repair_i_said_did_not_exist.rs	stated
110_probes/p12b_storage_site_expected_failure.rs	unstated
110_probes/p1_identity_is_isomorphism.py	unstated
110_probes/p2_laws_are_a_projection_not_a_coordinate.py	unstated
110_probes/p3_naming_needs_a_canonicalisation.py	unstated
110_probes/p4_structural_collapse_survives_a_wider_signature.py	unstated
110_probes/p5_definitional_versus_reachability_degeneracy.py	unstated
110_probes/p6_expressibility.rs	unstated
110_probes/p6_noncanonical_wall.rs	unstated
110_probes/p6_run.rs	unstated
110_probes/p7_composites_are_primitives.py	stated
110_probes/p7b_constructions_carry_predicates.py	unstated
110_probes/p8_is_the_criterion_a_congruence.py	stated
111_probes/p1a_fn_pointer_in_const_fn.rs	unstated
111_probes/p1b_const_generic_tag_and_match.rs	unstated
111_probes/p1c_macro_carried_operation.rs	unstated
111_probes/p1d_the_carrier_choice_does_not_repair_the_split.rs	unstated
111_probes/p2_the_law_set_freedom_test_is_a_dead_branch.py	unstated
111_probes/p3_the_signature_saturates_at_the_literal.py	unstated
111_probes/p4_constant_injection_collapses_the_two_degeneracies.py	unstated
111_probes/p5_identity_is_relative_to_a_refinement.py	unstated
111_probes/p6_the_refinement_propagates_and_that_is_the_congruence.py	unstated
111_probes/p7_the_merge_is_visible_in_the_emitted_symbols.rs	stated
111_probes/p7b_a_declared_range_inside_the_container.rs	stated
111_probes/p8_a_refinement_parameter_has_a_repair_a_spurious_one_does_not.rs	stated
111_probes/p8b_a_tightening_is_refused_at_build_time.rs	unstated
111_probes/p9_check_my_own_citations.py	stated
111_probes/r1_moving_only_the_refinement.py	stated
111_probes/r2_a_structural_predicate_for_where_the_corner_rule_is_exact.py	stated
112_probes/p1_how_many_directions_admit_a_denotation_preserving_map.py	unstated
112_probes/p2_the_grade_switches_off_a_region_of_R_not_an_axis.py	unstated
112_probes/p2b_the_grade_repaired_and_the_two_regions_separated.py	unstated
112_probes/p3_where_the_exactness_stops_correlated_leaves.py	stated
112_probes/p3b_where_the_exactness_stops_repaired.py	stated
112_probes/p4_where_a_missed_merge_actually_costs_something.rs	unstated
112_probes/p4b_the_storage_boundary_is_the_wall.rs	unstated
112_probes/p4c_a_tightening_is_refused_before_the_program_exists.rs	unstated
112_probes/p5_a_declared_extent_discharges_a_constructions_predicate.py	unstated
112_probes/p5b_the_lifting_rule_is_per_construction.py	unstated
112_probes/p6_check_my_own_citations.py	unstated
112_probes/p7_an_affine_grade_recovers_the_lost_licences.py	stated
112_probes/p7b_the_two_rules_compose_and_the_union_is_the_answer.py	unstated
112_probes/p7c_the_per_node_check_is_load_bearing.py	unstated
112_probes/p8_the_affine_grade_compiles_as_a_type_level_list.rs	unstated
112_probes/p8b_the_affine_grade_with_no_arithmetic_in_type_position.rs	unstated
112_probes/p8c_the_per_node_discharge_check.rs	unstated
112_probes/p9_a_one_sided_form_attacks_the_affine_rules_weakness.py	unstated
112_probes/p9b_isolating_which_change_won.py	unstated
114_probes/p10_check_my_own_citations.py	stated
114_probes/p11_cutting_the_chain_at_the_non_ring_operations.py	stated
114_probes/p1_the_structural_predicate_on_a_systematic_term_enumeration.py	stated
114_probes/p2_the_overflow_policy_decides_which_discharge_check_is_right.py	stated
114_probes/p3_does_the_one_sided_form_dominate_off_the_thirteen_rows.py	unstated
114_probes/p4_the_per_node_intersection_beats_both_rules.py	unstated
114_probes/p5_the_selector_the_wrap_arm_and_the_fold.py	stated
114_probes/p6_the_lifting_rule_is_a_formula_over_the_structure_constants.py	stated
114_probes/p7_the_structural_predicate_and_the_policy_arm_compile.rs	stated
114_probes/p8_dropping_intermediate_reductions_is_free_under_wrap.py	stated
114_probes/p9_pricing_the_two_spellings_without_a_clock.py	unstated
115_probes/s1_the_wrap_violation_reproduced_and_the_predicate_reaimed.py	stated
115_probes/s2_where_the_selection_can_live.py	unstated
115_probes/s3_the_certificate_is_computable_from_the_cheap_carrier.py	stated
115_probes/s4_check_my_own_citations.py	stated
116_probes/p1_reproducing_the_root_only_claim_against_my_own_sentence.py	unstated
116_probes/p2_reproducing_the_two_endpoint_beating_of_my_own_form.py	stated
116_probes/p3_the_two_licence_families_are_forced_apart.py	stated
116_probes/p4_arm_w1_at_a_nonzero_fraction_width.py	stated
116_probes/p4b_arm_w1_at_a_nonzero_fraction_width_repaired.py	stated
116_probes/p5_the_formula_reproduces_my_own_table.py	stated
116_probes/p6_check_my_own_citations.py	unstated
118_probes/q1_the_condition_set_follows_the_character_too.py	unstated
118_probes/q2_the_duality_checked_and_its_hypotheses_ablated.py	stated
118_probes/q3_the_fraction_width_splits_my_arms_too.py	stated
118_probes/q4_two_witnesses_for_why_the_cut_needs_both_halves.py	unstated
118_probes/q5_one_rule_with_two_locality_conditions.py	stated
118_probes/q6_the_shipped_guard_makes_the_carriers_policy_free.py	stated
118_probes/q7_check_my_own_citations.py	stated
119_probes/r1_the_anchor_inventory_and_what_the_candidate_carries.py	unstated
119_probes/r2_check_my_own_citations.py	stated
11_probes/a02_zig_comptime_derivation.zig	unstated
11_probes/b01_table_caps_the_algebra.rs	unstated
11_probes/b02_the_table_chases_its_tail.rs	unstated
11_probes/b03_the_ceiling_is_the_const_surface.rs	unstated
11_probes/c_orphan/arvo_min.rs	unstated
11_probes/c_orphan/consumer_bad.rs	unstated
11_probes/c_orphan/consumer_ok.rs	unstated
11_probes/c_orphan/consumer_partition.rs	unstated
11_probes/c_orphan/consumer_partition_nored.rs	unstated
11_probes/d01_bare_parameter_carrier.rs	unstated
11_probes/d02_postmono_check_fires.rs	stated
11_probes/e01_enumeration_free_bridge.rs	unstated
11_probes/e02_closing_the_overshoot.rs	unstated
11_probes/e03_overshoot_under_min_gca.rs	unstated
11_probes/e04_overshoot_const_block.rs	unstated
11_probes/f01_const_param_default_from_siblings.rs	unstated
11_probes/ladder.rs	unstated
11_probes/verify.sh	unstated
120_probes/t1_reproducing_f118_1_on_my_own_instrument.py	stated
120_probes/t2_diffing_the_predicates_dimension_by_dimension.py	stated
120_probes/t3_is_the_recursion_depth_additive_or_multiplicative.py	stated
120_probes/t4_check_my_own_citations.py	stated
121_probes/t1_the_ablation_and_the_predicate_the_candidate_gives_my_theorem.py	unstated
121_probes/t2_which_hypothesis_is_actually_load_bearing.py	stated
121_probes/t3_two_files_disagree_on_one_cell_and_the_reason_is_unstated.py	stated
121_probes/t4_check_my_own_citations.py	unstated
122_probes/u1_is_the_wall_additive_or_multiplicative.py	stated
122_probes/u2_the_domain_was_confounded_with_the_operation_set.py	stated
122_probes/u3_saturation_has_a_deferral_arm_and_i_missed_it.py	stated
122_probes/u4_the_only_mechanism_clause_is_false_and_the_predicate_sweep.py	stated
122_probes/u5_the_anchor_count_before_and_after.py	stated
122_probes/u6_check_my_own_citations.py	stated
125_probes/p1_monotone_and_never_additive.py	stated
125_probes/p2_vacuity_and_v2_predicate.py	stated
125_probes/p3_commutation_with_overflow.py	stated
125_probes/p4_adjunction_and_double_rounding.py	stated
125_probes/p5_bitdrop_and_stochastic.py	stated
126_probes/p1_rounding_character.py	unstated
126_probes/p2_order_of_round_and_clamp.py	unstated
126_probes/p3_double_rounding_isolated.py	unstated
126_probes/p4_stochastic_nonmonotone_fixed.py	unstated
127_probes/w1_shared_threshold_stochastic_is_monotone_and_unbiased.py	stated
128_probes/r1_reproduce_shared_threshold_on_my_own_instrument.py	stated
128_probes/r2_the_boundary_is_the_coupling.py	stated
128_probes/r3_the_price_and_the_per_cell_member.py	stated
129_probes/x1_shared_threshold_reproduced_and_the_noise_shaping_gap.py	stated
12_probes/count.sh	unstated
12_probes/ladder.rs	unstated
12_probes/p01_nat_canonicity.rs	unstated
12_probes/p02_const_door_alias.rs	unstated
12_probes/p03_hybrid_door_closed_algebra.rs	unstated
12_probes/p04_five_spellings.rs	unstated
12_probes/p05_diag_mismatch.rs	unstated
12_probes/p06_default_param_elision.rs	unstated
12_probes/p07a_pin_const_to_nat_nogate.rs	unstated
12_probes/p07b_pin_const_to_nat_min_gca.rs	unstated
12_probes/p07c_pin_const_to_nat_type_const.rs	unstated
12_probes/p07d_pin_const_block.rs	unstated
12_probes/p08_does_p06_shape_keep_the_ceiling.rs	unstated
12_probes/p09_core.rs	unstated
12_probes/p09_decimal_ladder.rs	unstated
12_probes/p10_decimal_container.rs	unstated
12_probes/p11_diag_battery.rs	unstated
12_probes/p12_first_day_errors.rs	unstated
12_probes/p13_where_the_door_error_lands.rs	unstated
12_probes/p14_lazy_type_alias.rs	unstated
12_probes/p14b_lazy_over_full_ladder.rs	unstated
12_probes/p15_markers_do_not_partition.rs	unstated
12_probes/surfaces.rs	unstated
12_probes/verify.sh	unstated
130_probes/y1_uniqueness_and_variance_on_a_different_instrument.py	stated
131_probes/v1_the_f0_widening_and_every_pin_it_reaches.py	stated
131_probes/v2_the_vocabulary_and_which_equality_double_rounding_threatens.py	stated
131_probes/v3_which_stochastic_members_survive_the_operating_constraints.rs	unstated
132_probes/w1_the_anchor_count_and_the_blind_commit_ordering.py	unstated
133_probes/s1_the_figure_and_the_closed_form.py	stated
133_probes/s2_the_law_overlap_and_the_threshold_characterisation.py	stated
135_probes/z1_does_the_coupling_argument_need_domain_sign.py	unstated
136_probes/w1_over_136.py	unstated
136_probes/x1_the_two_dissents_on_a_fixed_point_instrument.py	stated
136_probes/x2_the_domain_widening_with_a_control_that_can_fire.py	stated
136_probes/x3_the_two_attribution_errors_and_the_impossible_figure.py	stated
136_probes/x4_the_predicate_sweep_for_inherited_dimensions.py	stated
137_probes/g1_the_two_coordinator_errors.sh	unstated
137_probes/g2_is_the_attribution_class_complete.sh	unstated
137_probes/g3_predicates_and_the_open_token.py	unstated
137_probes/g4_do_dependents_survive_the_defects.sh	stated
137_probes/g5_anchors_my_own_extraction.py	unstated
137_probes/g6_absence_claims_and_the_rungs.sh	stated
137_probes/g7_the_five_two_gap_and_x1s_sweep.sh	unstated
137_probes/g8_does_the_class_reach_131s_arms.py	stated
137_probes/g9_check_my_own_citations.py	unstated
138_probes/y1_the_five_repairs_at_source.py	stated
138_probes/y2_the_repair_verified_on_138.py	stated
139_probes/p1_policy_classes.rs	stated
139_probes/p2_firewall.rs	stated
139_probes/p3_declared_slack.rs	stated
139_probes/p4_weight_cells.rs	stated
139_probes/p5_open_set.rs	stated
139_probes/p5_scan.sh	stated
139_probes/p6_packing_is_a_weighting.rs	stated
139_probes/p7_gate_diagnostic.rs	stated
13_probes/gen_p07_matrix.py	unstated
13_probes/gen_p10.py	unstated
13_probes/p01_the_wall.rs	unstated
13_probes/p02_mgca_assoc_const_path.rs	unstated
13_probes/p03_mgca_type_const.rs	unstated
13_probes/p04_mgca_type_const_block.rs	unstated
13_probes/p05_const_default_from_param.rs	unstated
13_probes/p06_nat_algebra.rs	unstated
13_probes/p07_matrix.rs	unstated
13_probes/p08_negative_control.rs	stated
13_probes/p09_core.rs	unstated
13_probes/p10_full.rs	unstated
13_probes/p11_buf_sizes.rs	unstated
13_probes/p12_surface.rs	unstated
13_probes/p13_surface_bounded.rs	unstated
13_probes/p14_multiply_past_the_table.rs	unstated
13_probes/p15_sizes.rs	unstated
13_probes/p16_unbridged_width.rs	unstated
13_probes/p17_alias_only_no_error.rs	unstated
13_probes/p18_diagnostic_repair.rs	unstated
13_probes/p19_lazy_type_alias.rs	unstated
13_probes/p20_width_mismatch.rs	unstated
13_probes/p21_named_widths.rs	unstated
13_probes/p22_named_mismatch_diag.rs	unstated
13_probes/p23_named_ceiling.rs	unstated
13_probes/p24_reverse_wall.rs	unstated
13_probes/p25_declared_output.rs	unstated
13_probes/p26_declared_too_narrow.rs	unstated
13_probes/p27_declared_too_narrow_diag.rs	unstated
13_probes/p28_both_forms.rs	unstated
13_probes/p29_extension_without_towers.rs	unstated
13_probes/verify.sh	stated
140_probes/p1_assignment_partition.rs	stated
140_probes/p2_independent_partition.py	stated
140_probes/p3_container_is_not_observable.rs	stated
140_probes/p4_baseline_rebase.py	stated
140_probes/p5_check_my_own_citations.py	stated
140_probes/p6_phase_two_two_questions_q51_raises.rs	stated
141_probes/p1_fusion_reproduced.rs	unstated
141_probes/p1b_which_model_produces_139s_table.rs	stated
141_probes/p2_the_slack_buys_nothing.rs	stated
141_probes/p3_the_missing_ulp_is_a_rounding_move.rs	stated
141_probes/p3b_the_mechanism_control_corrected.rs	stated
141_probes/p3c_translation_equivariance_is_the_mechanism.rs	stated
141_probes/p4_the_concern_reaches_the_accumulator.rs	stated
141_probes/p5_the_two_counting_claims_are_one.py	stated
141_probes/p5b_the_shape_dependence_is_not_in_w.py	stated
141_probes/p5c_w_invariance_with_a_control_that_fires.py	stated
141_probes/p6_fusion_is_an_axis_position_already.rs	stated
141_probes/p7_check_my_own_citations.py	stated
142_probes/q1_my_own_two_readings.rs	stated
142_probes/q2_equivariance_partitions_the_rounding_axis.rs	stated
142_probes/q3_an_independent_accumulator_model.rs	stated
143_probes/p1_monotone_not_strict.rs	stated
143_probes/p2_accumulator_second_model.rs	stated
143_probes/p3_w_did_nothing_in_my_own_output.py	stated
143_probes/p4_check_my_own_citations.py	stated
144_probes/exact_lp.py	stated
144_probes/p10_the_linear_limit_on_real_arms.py	stated
144_probes/p10b_verifying_the_one_real_witness.py	stated
144_probes/p10c_the_witness_was_noise_and_the_gate_was_at_the_wrong_granularity.py	stated
144_probes/p11_check_my_own_citations.py	stated
144_probes/p1_reproduce_and_decompose.py	stated
144_probes/p1b_strict_versus_weak_and_the_dead_coordinate.py	stated
144_probes/p2_is_the_linear_limit_typical_and_what_lifts_it.py	stated
144_probes/p3_how_many_weightings_can_ever_be_told_apart.py	stated
144_probes/p3b_the_vocabulary_is_governed_by_the_coordinate_count.py	stated
144_probes/p4_what_actually_travels_across_targets.py	stated
144_probes/p5_the_shared_baseline_at_the_dimension_it_actually_has.py	stated
144_probes/p6_the_firewall_is_what_makes_selection_portable.py	stated
144_probes/p7_the_second_argument_of_the_count.py	stated
144_probes/p8_a_nonlinear_selector_is_const_and_lowers_to_one_branch.rs	stated
144_probes/p8_scan.sh	stated
144_probes/p9_what_the_replacement_costs.py	stated
145_probes/z1_visibility_is_monotone_so_the_biconditional_has_a_quantifier.py	stated
145_probes/z2_how_far_the_gate_must_loosen_before_the_corpus_answers.py	stated
145_probes/z3_the_firewall_is_enforceable_when_every_arm_is_some_assignments_denotation.py	stated
145_probes/z4_where_equivariance_sits_among_the_rounding_topics_laws.py	stated
145_probes/z5_the_baseline_names_two_operations_and_one_of_them_is_a_change_of_units.py	stated
145_probes/z6_convergences_agree_about_the_intersection_of_their_dimensions.py	unstated
145_probes/z7_check_my_own_citations.py	stated
146_probes/w2_the_anchor_accounting_for_this_topic.py	stated
147_probes/r1_the_unsigned_row_and_the_congruence_isolated.rs	stated
148_probes/p1_two_merges_two_mechanisms.rs	stated
148_probes/p2_the_closure_rests_on_the_firewall.py	stated
148_probes/p3_check_my_own_citations.py	stated
149_probes/y1_the_unsigned_half_over_six_modes.rs	unstated
149_probes/y2_equivariance_is_domain_restricted.rs	unstated
149_probes/y3_trace_my_own_results_into_the_candidate.py	stated
149_probes/y4_one_question_not_three.rs	stated
149_probes/y5_check_my_own_citations.py	stated
150_probes/q1_the_baseline_is_two_choices_not_one_operation.py	stated
150_probes/q2_which_gate_i_meant_and_what_the_corpus_says_under_each.py	stated
150_probes/q3_the_quantifier_and_the_conformance_region.py	stated
150_probes/q4_how_the_candidate_represents_my_findings.py	stated
150_probes/q5_check_my_own_citations_and_quotations.py	stated
151_probes/v1_the_false_clause_and_the_domain_restricted_repair.py	stated
151_probes/v2_the_ledger_corrections_and_the_instrument_fix.py	stated
151_probes/v3_the_weighting_side_dissents.py	stated
151_probes/v4_the_three_gate_readings_and_my_own_contradiction.py	stated
151_probes/v5_a_markdown_normaliser_and_the_anchor_accounting.py	stated
154_probes/citecheck.py	stated
154_probes/gate_scan.py	stated
154_probes/p1_saturation/sat.rs	unstated
154_probes/p2_fibre/fibre.rs	stated
154_probes/p2_fibre/fibre_refuted.rs	stated
154_probes/p2_fibre/sizes.rs	unstated
154_probes/p3_naming/gen.py	stated
154_probes/p3_naming/grid.rs	unstated
154_probes/p4_injectivity/grid64.rs	unstated
154_probes/p4_injectivity/grid_cm.rs	unstated
154_probes/p4_injectivity/grid_cw.rs	unstated
154_probes/p4_injectivity/inj.py	stated
154_probes/p4_injectivity/inj_container.py	unstated
154_probes/p5_signature/sig.py	unstated
155_probes/01_fraction_axis_grep.sh	stated
157_probes/citecheck.py	stated
157_probes/p1_separation_certificate.py	stated
157_probes/p1b_literal_ties.py	stated
157_probes/p2_const_certificate/cert.rs	stated
157_probes/p3_predicate_audit.sh	unstated
157_probes/p4_saturation_bound.py	unstated
157_probes/p5_r1_is_about_licensing.py	stated
157_probes/p6_per_axis_vs_per_pair.py	unstated
157_probes/p8_soundness_is_not_enforced/factoring.rs	stated
157_probes/run_test_gate.sh	stated
158_probes/01_cert.rs	stated
158_probes/02_factoring.rs	stated
159_probes/p1_are_the_five_instruments_independent.sh	stated
159_probes/p2_predicate_audit.sh	stated
15_probes/gen.py	stated
15_probes/q01_negative_width_recount.py	unstated
15_probes/q02_wf_coordinates.py	unstated
15_probes/q03_tight_addition.py	unstated
15_probes/q03b_reconcile_461_vs_476.py	unstated
15_probes/q04_core.rs	unstated
15_probes/q04_core_inc.rs	unstated
15_probes/q04_literals_inc.rs	unstated
15_probes/q05_subtraction_matrix.rs	unstated
15_probes/q06_negctl.rs	unstated
15_probes/q06_shape_matrix.rs	unstated
15_probes/q07_body_inc.rs	unstated
15_probes/q07_three_input_map.rs	unstated
15_probes/q08_map_matrix.rs	unstated
15_probes/q08_negctl.rs	unstated
15_probes/q08_negctl2.rs	unstated
15_probes/q09_door_and_erasure.rs	unstated
15_probes/q09_lit_inc.rs	unstated
15_probes/q09_shape_inc.rs	unstated
15_probes/q10_diag_tag.rs	unstated
15_probes/q11_tag_costs.rs	unstated
15_probes/q12_door_inc.rs	unstated
15_probes/q12_erasure_asm.rs	unstated
15_probes/q13_cold_packed.rs	unstated
15_probes/q14_declared_plus_tag.rs	unstated
15_probes/q15_ceiling_and_alias_site.rs	unstated
15_probes/verify.sh	stated
160_probes/citecheck.py	stated
160_probes/p1_two_branch_certificate/cert2.rs	stated
160_probes/p2_lens_degeneracy/lens.rs	stated
160_probes/p3_packed_weakening/packed_weaken.rs	stated
160_probes/run_test_gate.sh	stated
161_probes/anchor_accounting/count_anchors.py	stated
161_probes/citecheck.py	stated
161_probes/run_test_gate.sh	stated
162_probes/p1_how_far_does_the_premise_reach.py	unstated
162_probes/p2_cfg_in_const_fn/cfg_const.rs	stated
162_probes/p2_cfg_in_const_fn/cfg_const_body.rs	stated
162_probes/p2_cfg_in_const_fn/readconsts.rs	unstated
162_probes/p2_cfg_in_const_fn/run.sh	unstated
163_probes/citecheck.py	stated
163_probes/p1_clause9_satisfiability.py	unstated
163_probes/p2_offset_is_not_the_discriminator/offset.rs	stated
163_probes/p3_audit_the_accounting.py	stated
163_probes/p4_l_entry_anchors.sh	unstated
163_probes/p5_findings_survival.sh	unstated
163_probes/run_test_gate.sh	stated
164_probes/anchor_accounting/count_anchors.py	stated
164_probes/citecheck.py	stated
164_probes/reproduce_dissents.sh	stated
164_probes/run_test_gate.sh	stated
165_probes/run_test_gate.sh	stated
167_probes/assoc/assoc.rs	stated
167_probes/backward/backward.rs	stated
167_probes/citecheck/check.py	stated
167_probes/doubleround/doubleround.rs	stated
167_probes/order/order.rs	stated
167_probes/product/product.rs	stated
167_probes/product/product_long.rs	stated
167_probes/residual/carrier_bound.rs	stated
167_probes/residual/residual.rs	stated
167_probes/satfold_read/read_satfold.py	unstated
167_probes/staged/expr.rs	stated
167_probes/staged/lib_nostd.rs	unstated
167_probes/staged/run_std.rs	unstated
167_probes/widths/widths.rs	stated
168_probes/p1_two_licences_are_independent.rs	stated
168_probes/p2_the_carrier_has_no_local_answer.rs	stated
168_probes/p3_resolution_degeneracy.rs	stated
168_probes/p4_run.sh	stated
168_probes/p4_the_collapse_survives_the_profile.rs	stated
168_probes/p5_run.sh	stated
168_probes/p5_which_mask_blocks_the_vectoriser.rs	stated
168_probes/p6_a_fanout_forces_one_schedule.rs	stated
169_probes/p1_heading_identity.sh	unstated
169_probes/p2_what_fixed_the_definition.sh	stated
169_probes/p3_is_the_clamp_row_exercised.py	stated
169_probes/p4_is_the_band_measured.py	unstated
169_probes/p5_double_rounding_closed_form.py	stated
169_probes/p6_citecheck.py	stated
16_probes/p1_fibre_count.rs	unstated
16_probes/p2_stride_is_not_size_of.rs	unstated
16_probes/p3_blind_suite.rs	unstated
16_probes/p4_access_width.rs	unstated
16_probes/p5_recovery_direction.rs	unstated
16_probes/p5b_const_to_type.rs	unstated
16_probes/p6_trait_form_recovers_both.rs	unstated
16_probes/p7_alignment_is_not_a_third.rs	unstated
16_probes/verify.sh	unstated
170_probes/q1_every_placement.rs	stated
170_probes/q2_heading_overlap.py	stated
170_probes/q3_a_band_that_is_measured.py	stated
170_probes/q4_citecheck.py	stated
171_probes/channels/channels.rs	stated
171_probes/channels/const_channel.rs	stated
171_probes/channels/const_channel_narrow_MUST_NOT_COMPILE.rs	unstated
171_probes/citecheck/check.py	stated
171_probes/closedform/closedform.py	stated
171_probes/closedform/closedform2.py	stated
171_probes/closedform/closedform3.py	stated
171_probes/perimeter/perimeter.rs	stated
171_probes/perimeter/perimeter_opaque_MUST_NOT_COMPILE.rs	unstated
171_probes/thirdfile/is_60_observation_bounded.py	stated
172_probes/citecheck.py	stated
172_probes/p1_deferral_theorem/deferral.py	stated
172_probes/p2_witness_families/witnesses.py	stated
172_probes/p3_definedness/definedness.rs	stated
172_probes/quotecheck/quotecheck.py	stated
172_probes/run_test_gate.sh	stated
173_probes/anchor_accounting/count_anchors.py	stated
173_probes/citecheck.py	stated
173_probes/quotecheck/quotecheck.py	stated
173_probes/run_test_gate.sh	stated
174_probes/r1_finiteness_and_the_deferral_theorem.rs	stated
174_probes/r2_clause1_needs_the_profile_bound.rs	stated
174_probes/r2_run.sh	unstated
174_probes/r3_citecheck.py	stated
175_probes/citecheck/check.py	stated
175_probes/clause23/clause23.py	stated
175_probes/marks/marks.py	stated
175_probes/options/options.sh	stated
175_probes/partial/partial.rs	stated
175_probes/partial/partial2.rs	stated
175_probes/partial/partial3.rs	stated
176_probes/anchor_accounting/count_anchors.py	stated
176_probes/citecheck.py	stated
176_probes/quotecheck/quotecheck.py	stated
176_probes/reproduce_dissents.sh	stated
176_probes/run_test_gate.sh	stated
177_probes/citecheck.py	stated
177_probes/p1_licence_family_biconditional.py	stated
177_probes/p2_anchor_diff_both_ways.py	stated
177_probes/p3_marks_after_the_amendment.py	unstated
177_probes/p4_option_census_after_the_revision.sh	stated
177_probes/p5_absence_claims.sh	stated
177_probes/p6_reserved_still_open.sh	stated
177_probes/run_test_gate.sh	stated
178_probes/anchor_accounting/count_anchors.py	stated
178_probes/citecheck.py	stated
178_probes/quotecheck/quotecheck.py	stated
178_probes/reproduce_findings.sh	stated
178_probes/run_test_gate.sh	stated
179_probes/verify_quotes.sh	stated
17_probes/alias/t5_perimeter_alias.rs	stated
17_probes/ctl/t5_perimeter_control.rs	stated
17_probes/t1_defect_matrix.rs	stated
17_probes/t2_aggregate_erasure.rs	stated
17_probes/t3_opcode_oracle.py	stated
17_probes/t4_validation_directions.py	stated
17_probes/t5_perimeter.py	unstated
17_probes/t5_perimeter.rs	unstated
17_probes/verify.sh	stated
180_probes/droplist_is_verbatim.sh	stated
180_probes/slugs.sh	stated
183_probes/axis_census.sh	stated
183_probes/check_inventory.sh	stated
183_probes/citation_controls.sh	stated
183_probes/measured_needs_a_probe_row.sh	stated
183_probes/slugs.sh	stated
183_probes/span_verdicts.sh	stated
183_probes/split_predicate.awk	unstated
183_probes/unblock_value.sh	stated
18_probes/p1_order_under_set_denotation.py	unstated
18_probes/p2_absorbing_top_operation_set.py	unstated
18_probes/p2b_absorbing_both_ends.py	unstated
18_probes/p3_interval_laws.py	unstated
18_probes/p3b_interval_laws_fixed.py	stated
18_probes/p3c_interval_law_directions.py	unstated
18_probes/p4_interval_erasure.rs	stated
18_probes/p5_headroom_is_a_refinement_not_a_denotation.py	unstated
18_probes/p6_precise_is_the_denotation_clause.py	unstated
20_probes/p1_counter_nomem_is_not_a_barrier.rs	unstated
20_probes/p2_counter_nomem_isolated.rs	unstated
20_probes/p3_dylib_probe/src/main.rs	stated
20_probes/p4_absorbing_fixpoint.rs	unstated
21_probes/count_anchors.sh	unstated
22_probes/loop-shape/gen.py	unstated
22_probes/loop-shape/src/lib.rs	unstated
23_probes/check_own_citations.py	unstated
23_probes/count_strategy_mentions.py	unstated
23_probes/spot_check_citation_content.py	unstated
24_probes/RUN.sh	unstated
24_probes/s1_grid_reach_agreement.py	unstated
24_probes/s2_which_numerals_the_wf_keying_misses.py	unstated
24_probes/s3_one_definition_two_projections.rs	unstated
24_probes/s3_run.rs	unstated
24_probes/s4_two_phases.py	unstated
24_probes/s5_knee_without_enumeration.py	unstated
24_probes/s6_vocabulary_overlap.py	unstated
25_probes/p1_hunt_for_a_definition.py	unstated
25_probes/p2_decompose_the_preset_table.py	unstated
25_probes/p3_verify_my_citations.py	unstated
25_probes/p4_axes_vary_independently_in_the_committed_benches.py	unstated
26_probes/control_identity.sh	stated
26_probes/deletion_and_roofline.py	stated
26_probes/verify_my_citations.py	unstated
27_probes/best_table.py	unstated
27_probes/check_26_numbers.py	stated
27_probes/contention_table.py	stated
27_probes/decode_table.py	stated
27_probes/deletion_and_roofline.py	stated
27_probes/verify_my_citations.py	unstated
27_probes/wide_table.py	stated
31_probes/check_probes.py	unstated
31_probes/check_sections.py	unstated
33_probes/coverage.py	unstated
35_probes/p10_ema_fixed_point.rs	stated
35_probes/p1_fold_cannot_widen.rs	stated
35_probes/p2_laws.rs	unstated
35_probes/p2b_laws_signed.rs	stated
35_probes/p3_reduction_order.rs	unstated
35_probes/p4_identities_and_absorption.rs	unstated
35_probes/p5_algorithm_end_to_end.rs	stated
35_probes/p6_generic_accumulator.rs	stated
35_probes/p7_accumulator_from_capacity.rs	stated
35_probes/p8_log2ceil_without_a_table.rs	stated
35_probes/p8_scale_check.rs	stated
35_probes/p9_reserved_top.rs	stated
40_probes/p1_the_two_by_two_carries_no_information.py	unstated
40_probes/p2_what_four_names_can_reach.py	unstated
40_probes/p3_axes_presets_properties.rs	stated
40_probes/p4_do_the_weightings_agree.py	stated
40_probes/p5_what_a_property_costs.rs	unstated
40_probes/p6_verify_my_citations.py	unstated
40_probes/p7_does_overflow_move_the_container_answer.py	unstated
42_probes/p1_commutativity_is_universal.rs	unstated
42_probes/p2_composed_accumulator_and_law_bound.rs	unstated
42_probes/p3_one_ended_clamp_versus_two.rs	unstated
43_probes/p2_which_coordinates_each_derivation_reads.rs	stated
43_probes/p4_nesting_and_the_flattened_capacity.rs	stated
43_probes/p6_citation_check.py	unstated
43_probes/p7_asm_census.py	unstated
43_probes/p7_does_the_capacity_bound_survive_lowering.rs	unstated
43_probes/s1_composition_word_census.py	unstated
43_probes/s3_capacity_composes.py	stated
43_probes/s5_which_coordinates_survive_which_operation.py	stated
45_probes/p1_wide_rung_collision.rs	stated
45_probes/p2_p5_style_instrument_is_blind.rs	unstated
45_probes/p3_search_pigeonhole_witness.py	stated
45_probes/p4_fraction_crosscheck_and_widening_recovers.py	unstated
45_probes/p5_third_output_is_mechanically_free.rs	unstated
45_probes/p6_finite_widening_headroom.py	unstated
45_probes/p7_alignment_lemma_abstract.rs	unstated
47_probes/p1_single_type_output.rs	stated
47_probes/p1b_negctl_distinctness.rs	stated
47_probes/p2_scalar_single_output_refused.rs	unstated
47_probes/p2b_kind_asymmetry_positive.rs	unstated
47_probes/p3_access_type_from_const_refused.rs	unstated
47_probes/p3b_access_type_two_routes_that_work.rs	unstated
47_probes/p4_stating_injectivity_needs_one_subject.rs	stated
47_probes/p4b_negctl_joint_distinctness.rs	stated
47_probes/p5_one_output_against_all_three_forcings.rs	unstated
47_probes/p5b_negctl_forcings.rs	stated
47_probes/p6_two_ladders_not_one.rs	unstated
47_probes/verify.sh	unstated
49_probes/_shared_schema.rs	unstated
49_probes/p1_fact_schema.rs	unstated
49_probes/p2_validation_is_a_missing_impl.rs	unstated
49_probes/p3_erasure_check.rs	unstated
49_probes/p4_sign_axis_is_orthogonal.rs	unstated
50_probes/p1_criterion_fixpoints.py	unstated
50_probes/p2_reading_a_loses_the_width.rs	unstated
50_probes/p3_site_recomputes_the_stride.rs	unstated
50_probes/p4_access_width_is_keyed_on_the_stride.py	unstated
50_probes/p5_three_facts_two_slots.rs	stated
50_probes/p5b_negctl_three_facts.rs	stated
50_probes/p6_precise_fork_is_not_a_fork.py	unstated
50_probes/p7_bench_readout.py	unstated
50_probes/verify.sh	stated
51_probes/acc_ctl/a1.rs	stated
51_probes/acc_ctl/a2.rs	stated
51_probes/acc_ctl/a3.rs	stated
51_probes/acc_ctl/a4.rs	stated
51_probes/acc_ctl/a5.rs	stated
51_probes/acc_ctl/a6.rs	stated
51_probes/acc_ctl/a7.rs	stated
51_probes/acc_ctl/a8.rs	stated
51_probes/check3.rs	unstated
51_probes/check_citations.py	unstated
51_probes/fixgather/w01.rs	unstated
51_probes/fixgather/w02.rs	unstated
51_probes/fixgather/w03.rs	unstated
51_probes/fixgather/w04.rs	unstated
51_probes/fixgather/w05.rs	unstated
51_probes/fixgather/w06.rs	unstated
51_probes/fixgather/w07.rs	unstated
51_probes/fixgather/w08.rs	unstated
51_probes/fixgather/w09.rs	unstated
51_probes/fixgather/w10.rs	unstated
51_probes/fixgather/w11.rs	unstated
51_probes/fixgather/w12.rs	unstated
51_probes/fixgather/w13.rs	unstated
51_probes/fixgather/w14.rs	unstated
51_probes/fixgather/w15.rs	unstated
51_probes/fixgather/w16.rs	unstated
51_probes/fixgather/w17.rs	unstated
51_probes/fixgather/w18.rs	unstated
51_probes/fixgather/w19.rs	unstated
51_probes/fixgather/w20.rs	unstated
51_probes/fixgather/w21.rs	unstated
51_probes/fixgather/w22.rs	unstated
51_probes/fixgather/w23.rs	unstated
51_probes/fixgather/w24.rs	unstated
51_probes/fixgather/w25.rs	unstated
51_probes/fixgather/w26.rs	unstated
51_probes/fixgather/w27.rs	unstated
51_probes/fixgather/w28.rs	unstated
51_probes/fixgather/w29.rs	unstated
51_probes/fixgather/w30.rs	unstated
51_probes/fixgather/w31.rs	unstated
51_probes/fixgather/w32.rs	unstated
51_probes/fixgather/w33.rs	unstated
51_probes/fixgather/w40.rs	unstated
51_probes/fixgather/w47.rs	unstated
51_probes/fixgather/w48.rs	unstated
51_probes/gen_access_control.py	stated
51_probes/gen_check3.py	unstated
51_probes/gen_fixed_gather.py	stated
51_probes/gen_v2.py	unstated
51_probes/gen_v3.py	unstated
51_probes/gen_width_matrix.py	unstated
51_probes/loopshape.py	unstated
51_probes/oracle.py	unstated
51_probes/robustness.py	unstated
51_probes/run_v2.py	unstated
51_probes/run_v3.py	unstated
51_probes/run_width_matrix.py	unstated
51_probes/verify.sh	stated
51_probes/widths/w01.rs	unstated
51_probes/widths/w02.rs	unstated
51_probes/widths/w03.rs	unstated
51_probes/widths/w04.rs	unstated
51_probes/widths/w05.rs	unstated
51_probes/widths/w06.rs	unstated
51_probes/widths/w07.rs	unstated
51_probes/widths/w08.rs	unstated
51_probes/widths/w09.rs	unstated
51_probes/widths/w10.rs	unstated
51_probes/widths/w11.rs	unstated
51_probes/widths/w12.rs	unstated
51_probes/widths/w13.rs	unstated
51_probes/widths/w14.rs	unstated
51_probes/widths/w15.rs	unstated
51_probes/widths/w16.rs	unstated
51_probes/widths/w17.rs	unstated
51_probes/widths/w18.rs	unstated
51_probes/widths/w19.rs	unstated
51_probes/widths/w20.rs	unstated
51_probes/widths/w21.rs	unstated
51_probes/widths/w22.rs	unstated
51_probes/widths/w23.rs	unstated
51_probes/widths/w24.rs	unstated
51_probes/widths/w25.rs	unstated
51_probes/widths/w26.rs	unstated
51_probes/widths/w27.rs	unstated
51_probes/widths/w28.rs	unstated
51_probes/widths/w29.rs	unstated
51_probes/widths/w30.rs	unstated
51_probes/widths/w31.rs	unstated
51_probes/widths/w32.rs	unstated
51_probes/widths/w33.rs	unstated
51_probes/widths/w40.rs	unstated
51_probes/widths/w47.rs	unstated
51_probes/widths/w48.rs	unstated
51_probes/widths2/cross_check.rs	unstated
51_probes/widths2/w01.rs	unstated
51_probes/widths2/w02.rs	unstated
51_probes/widths2/w03.rs	unstated
51_probes/widths2/w04.rs	unstated
51_probes/widths2/w05.rs	unstated
51_probes/widths2/w06.rs	unstated
51_probes/widths2/w07.rs	unstated
51_probes/widths2/w08.rs	unstated
51_probes/widths2/w09.rs	unstated
51_probes/widths2/w10.rs	unstated
51_probes/widths2/w11.rs	unstated
51_probes/widths2/w12.rs	unstated
51_probes/widths2/w13.rs	unstated
51_probes/widths2/w14.rs	unstated
51_probes/widths2/w15.rs	unstated
51_probes/widths2/w16.rs	unstated
51_probes/widths2/w17.rs	unstated
51_probes/widths2/w18.rs	unstated
51_probes/widths2/w19.rs	unstated
51_probes/widths2/w20.rs	unstated
51_probes/widths2/w21.rs	unstated
51_probes/widths2/w22.rs	unstated
51_probes/widths2/w23.rs	unstated
51_probes/widths2/w24.rs	unstated
51_probes/widths2/w25.rs	unstated
51_probes/widths2/w26.rs	unstated
51_probes/widths2/w27.rs	unstated
51_probes/widths2/w28.rs	unstated
51_probes/widths2/w29.rs	unstated
51_probes/widths2/w30.rs	unstated
51_probes/widths2/w31.rs	unstated
51_probes/widths2/w32.rs	unstated
51_probes/widths2/w33.rs	unstated
51_probes/widths2/w40.rs	unstated
51_probes/widths2/w47.rs	unstated
51_probes/widths2/w48.rs	unstated
51_probes/widths3/w01.rs	unstated
51_probes/widths3/w02.rs	unstated
51_probes/widths3/w03.rs	unstated
51_probes/widths3/w04.rs	unstated
51_probes/widths3/w05.rs	unstated
51_probes/widths3/w06.rs	unstated
51_probes/widths3/w07.rs	unstated
51_probes/widths3/w08.rs	unstated
51_probes/widths3/w09.rs	unstated
51_probes/widths3/w10.rs	unstated
51_probes/widths3/w11.rs	unstated
51_probes/widths3/w12.rs	unstated
51_probes/widths3/w13.rs	unstated
51_probes/widths3/w14.rs	unstated
51_probes/widths3/w15.rs	unstated
51_probes/widths3/w16.rs	unstated
51_probes/widths3/w17.rs	unstated
51_probes/widths3/w18.rs	unstated
51_probes/widths3/w19.rs	unstated
51_probes/widths3/w20.rs	unstated
51_probes/widths3/w21.rs	unstated
51_probes/widths3/w22.rs	unstated
51_probes/widths3/w23.rs	unstated
51_probes/widths3/w24.rs	unstated
51_probes/widths3/w25.rs	unstated
51_probes/widths3/w26.rs	unstated
51_probes/widths3/w27.rs	unstated
51_probes/widths3/w28.rs	unstated
51_probes/widths3/w29.rs	unstated
51_probes/widths3/w30.rs	unstated
51_probes/widths3/w31.rs	unstated
51_probes/widths3/w32.rs	unstated
51_probes/widths3/w33.rs	unstated
51_probes/widths3/w40.rs	unstated
51_probes/widths3/w47.rs	unstated
51_probes/widths3/w48.rs	unstated
55_probes/p1_one_membership_predicate.rs	unstated
55_probes/p2_saturate_is_adaptation_wrap_is_domain.rs	unstated
55_probes/p3_encoding_is_a_separate_axis.rs	unstated
55_probes/p4_induced_algebra_grades.rs	stated
55_probes/p5_one_bound_divergence.rs	unstated
56_probes/q1_two_law_families.rs	unstated
56_probes/q2_affine_membership.rs	stated
56_probes/q3_signed_encoding_trade.rs	stated
57_probes/p1_absorption_versus_bound_count.rs	unstated
57_probes/p2_absorption_necessity_sweep.rs	unstated
57_probes/p2b_necessity_violations_are_degenerate.rs	unstated
57_probes/p3_semiring_across_widths_and_scales.rs	unstated
57_probes/p4_which_factor_breaks_and_what_coherence_buys.rs	unstated
57_probes/p5_is_there_actually_a_grading.rs	unstated
57_probes/p6_the_adaptation_absorbs_one_bit.rs	unstated
57_probes/p7_the_congruence_condition_per_operation.rs	stated
57_probes/p8_the_150_are_the_same_class_as_the_153.rs	unstated
57_probes/p9_two_hypotheses_predict_the_whole_cube.rs	unstated
58_probes/p1_rounding_mode_versus_truncation.rs	stated
58_probes/p2_multiplicative_grade_does_not_collapse.rs	unstated
60_probes/p_a_dot_schedules.rs	unstated
60_probes/p_b_order_dependence.rs	unstated
60_probes/p_c1_width_algebra.rs	unstated
60_probes/p_c2_general_impl_refused.rs	unstated
60_probes/p_d_rescale_saving_is_adaptation_fusion.rs	unstated
61_probes/q1_absorption_versus_coherence.rs	unstated
61_probes/q2_wrap_ring_at_nonzero_fraction.rs	unstated
62_probes/p1_signed_grid_multiplication.rs	stated
62_probes/p2_signed_cell_at_nonzero_fraction.rs	stated
62_probes/p2b_failure_sets_at_deep_fraction.rs	unstated
62_probes/p3_wrap_section_becomes_observable.rs	unstated
62_probes/p4_signed_multiplicative_accumulator.rs	unstated
65_probes/derive_validate_erase.rs	unstated
66_probes/associativity_check.py	unstated
66_probes/derive_validate_erase_pipeline.rs	unstated
66_probes/fixed_vs_float_generic_format.py	unstated
66_probes/redundant_representation_demo.py	unstated
67_probes/p1_neg_a.rs	stated
67_probes/p1_neg_b.rs	stated
67_probes/p1_telescope.rs	stated
67_probes/p2_three_crossings.py	unstated
67_probes/p3_shared_parameter.py	stated
67_probes/p4_two_law_families_two_consumers.py	stated
67_probes/p4b_recount.py	unstated
67_probes/p5_neg.rs	stated
67_probes/p5_strategy_selects_the_member.rs	unstated
68_probes/p1b_65_negative_enabled.rs	unstated
68_probes/p3_mutant_overdeclared_window.rs	unstated
68_probes/p4_validate_residue.rs	unstated
68_probes/p5_const_eval_ceiling.rs	unstated
70_probes/p1_target_owned_q.rs	unstated
70_probes/p2_ownership_moves.rs	unstated
70_probes/p3_component_effect_table.py	unstated
71_probes/p1_five_crossings.py	unstated
71_probes/p2_composite_crossings.py	unstated
71_probes/p3_crossing_properties_are_the_two_law_families.py	stated
71_probes/p4_crossing_contract.rs	unstated
71_probes/p4_n1.rs	unstated
71_probes/p4_n2.rs	unstated
71_probes/p4_n3.rs	unstated
71_probes/p4_negatives.sh	unstated
71_probes/p5_resolution_three_routes.py	unstated
71_probes/p6_check_my_own_citations.py	unstated
71_probes/p7_index2_pattern_cell.py	unstated
71_probes/p8_redundant_encoding_crossing.py	unstated
72_probes/p1_the_refuting_rows_are_constructional.py	unstated
72_probes/p2_order_dependence_is_confined_to_loss.py	stated
73_probes/p1_collapse.py	unstated
73_probes/p1b_952_attribution.py	unstated
73_probes/p1c_collapse_cannot_fail.py	stated
73_probes/p1d_admission_clauses.py	unstated
73_probes/p2_order_discriminator.py	unstated
73_probes/p3_membership_contract.rs	unstated
73_probes/p3_n1.rs	unstated
73_probes/p3_n2.rs	unstated
73_probes/p3_n3.rs	unstated
73_probes/p3_negatives.sh	unstated
73_probes/p4_check_my_own_citations.py	unstated
73_probes/p5_which_third_verdict.py	unstated
73_probes/p6_closed_form_lifts_the_ceiling.py	stated
76_probes/probe1_associativity_exhaustive.rs	unstated
76_probes/probe1b_associativity_refined.rs	stated
76_probes/probe2_derive_validate_erase.rs	unstated
76_probes/probe2_erase_check.rs	unstated
76_probes/probe2b_invalid_instantiation.rs	unstated
76_probes/probe3a_wrapping_law_compiletime.rs	unstated
76_probes/probe3b_saturating_law_compiletime.rs	unstated
77_probes/probe1_chain_error.py	unstated
77_probes/probe2_bad_case_refused.rs	unstated
77_probes/probe2_fail_inline_const_expr.rs	unstated
77_probes/probe2_works_validate_erase.rs	unstated
77_probes/probe3_negative_check.rs	unstated
77_probes/probe3_strategy_resolve_lattice.rs	unstated
79_probes/p1_compositional_predicate_search.rs	stated
79_probes/p1_negative_control.rs	stated
80_probes/p1a_declared_law_lies.rs	stated
80_probes/p1b_computed_law_refuses.rs	unstated
80_probes/p2_frontier.py	unstated
80_probes/p2_frontier_BROKEN_FIRST_RUN.py	unstated
80_probes/p2b_swept_verdict_at_shipped_width.rs	unstated
80_probes/p2c_closed_form_checked_on_a_model.rs	unstated
80_probes/p3_select_and_erase.rs	stated
80_probes/p4_what_the_law_unlocks.rs	stated
80_probes/p5_allow_the_guard.py	unstated
80_probes/p5_generated/allow_w6_sat.rs	unstated
80_probes/p5_generated/allow_w6_wrap.rs	unstated
80_probes/p5_generated/allow_w7_sat.rs	unstated
80_probes/p5_generated/allow_w7_wrap.rs	unstated
80_probes/p5_generated/allow_w8_sat.rs	unstated
80_probes/p5_generated/allow_w8_wrap.rs	unstated
80_probes/p5_generated/allow_w9_sat.rs	unstated
80_probes/p5_generated/allow_w9_wrap.rs	unstated
80_probes/p6_which_chain_laws_reduce_to_arity_three.rs	unstated
82_probes/p0_rerun_of_79_p1.rs	stated
82_probes/p10_is_the_interval_the_limit.rs	stated
82_probes/p11_the_frontier_reads_the_encoding.py	unstated
82_probes/p12_shrinking_the_transfer_residue.rs	stated
82_probes/p1_box_lifting_of_p4.rs	stated
82_probes/p1b_is_every_lifted_box_degenerate.rs	stated
82_probes/p2_sign_uniform_lifting.rs	stated
82_probes/p3_make_variants.sh	unstated
82_probes/p3a_the_construction.rs	unstated
82_probes/p3b2_straddling_reachable.rs	unstated
82_probes/p3b_straddling_declaration_refused.rs	unstated
82_probes/p3c_perturbed_closed_form_refused.rs	unstated
82_probes/p3d_bad_straddling_dead_code.rs	unstated
82_probes/p3d_perturbed_verdict.rs	unstated
82_probes/p3d_structural_permission.rs	unstated
82_probes/p3e_bound_position_refused.rs	unstated
82_probes/p4_asm_report.sh	unstated
82_probes/p4_count_loops.py	unstated
82_probes/p4_what_the_lifted_arm_unlocks.rs	stated
82_probes/p5_agreement_and_the_length_axis.rs	unstated
82_probes/p6_const_availability_lattice.rs	stated
82_probes/p7_bad_straddling_const.rs	unstated
82_probes/p7_perturbed_verdict.rs	unstated
82_probes/p7_window_from_outside_the_typestate.rs	unstated
82_probes/p8_binding_time_ladder.sh	unstated
82_probes/p9_positive_verdict_at_a_shipped_width.py	unstated
84_probes/p1_threshold_family.rs	stated
84_probes/p2_defeat_the_cross_check.rs	stated
84_probes/p2b_no_band_can_catch_it.rs	unstated
84_probes/p3_transfer_polarity.rs	unstated
84_probes/p4_difference_certificate.rs	stated
84_probes/p4b_certificate_gate.rs	unstated
86_probes/p1_multivariate_at_real_degree.rs	stated
86_probes/p2_box_frontier.py	unstated
86_probes/p2b_pin_default_frontier.py	unstated
86_probes/p3_saturating_threshold_family.rs	stated
86_probes/p3b_verify_shapes.rs	unstated
86_probes/p4_sat_defeat_gate.rs	stated
86_probes/p5_sat_piecewise_procedure.rs	unstated
89_probes/p0_mutate_86_p5.rs	stated
89_probes/p10_wider_falsification.rs	unstated
89_probes/p1_min_form_and_the_degree_criterion.rs	stated
89_probes/p2_const_gate.rs	stated
89_probes/p2_run.sh	stated
89_probes/p3_frontier.py	unstated
89_probes/p3b_checker_frontier.py	unstated
89_probes/p4_multivariate_box.rs	stated
89_probes/p5_signed_windows.rs	stated
89_probes/p6_run.sh	stated
89_probes/p6_signed_window_gate.rs	stated
89_probes/p7_arity_frontier.py	unstated
89_probes/p8_why_signed_is_gapped.rs	unstated
89_probes/p9_two_routes_closed.rs	unstated
92_probes/disasm.sh	stated
92_probes/tabulate.py	unstated
93_probes/p1_resolve_semilattice.rs	unstated
93_probes/p1b_demands_and_closure.rs	unstated
93_probes/p2_policy_selects_the_algebra.rs	unstated
93_probes/p2b_where_the_algebra_actually_varies.rs	unstated
93_probes/p2c_the_boundary_across_widths.rs	unstated
93_probes/p3_mutant_wrong_join.rs	unstated
93_probes/p3_product_lattice_in_the_type_system.rs	unstated
93_probes/p4_preference_erases.rs	unstated
93_probes/p5_mutant_const_overflow.rs	stated
93_probes/p5_what_warm_imitates.rs	unstated
93_probes/p6_the_chain_clause.rs	unstated
93_probes/p7_signedness_breaks_the_congruence.rs	unstated
93_probes/p8_q41_do_the_honoured_law_sets_nest.rs	unstated
94_probes/a_choice_function.rs	unstated
94_probes/b_unbundled.rs	unstated
94_probes/b_unbundled_four.rs	unstated
94_probes/c_retraction.rs	unstated
94_probes/d_resolution.rs	unstated
94_probes/e_chain_exactness.rs	unstated
94_probes/f_where_carried.rs	unstated
94_probes/g_const_availability.rs	unstated
97_probes/p1_rationalisable_sections.py	stated
97_probes/p1b_the_gap_is_structural.py	unstated
97_probes/p2_congruence_predicts_the_laws.py	stated
97_probes/p2b_the_subtraction_control_is_arithmetic.py	stated
97_probes/p3_does_a_conservatism_order_exist.py	unstated
97_probes/p4_demand_lattice.rs	unstated
97_probes/p4_generate_pairs.py	unstated
97_probes/p4_mutant_dropped_demand.rs	unstated
97_probes/p4b_the_closure_is_free.py	unstated
97_probes/p5_verify_my_citations.py	unstated
97_probes/p6_does_the_accumulator_follow_the_fold.py	stated
97_probes/p7_diff_the_criterion_against_35.py	unstated
97_probes/p8_compare.py	unstated
97_probes/p8_does_a_computed_demand_erase.rs	stated
97_probes/p8_mutant_join_collapses.rs	stated
97_probes/p9_the_decider.py	unstated
98_probes/cone.py	unstated
98_probes/lp.py	unstated
98_probes/p10_is_the_table_stable_enough_to_be_an_object.py	stated
98_probes/p11_verify_my_citations.py	unstated
98_probes/p12_is_the_spread_coordinate_real.py	stated
98_probes/p13_the_ladder_on_the_coordinates_that_survive.py	stated
98_probes/p14_generating_from_a_robust_summary.py	stated
98_probes/p1_extract_the_cost_table.py	stated
98_probes/p1b_domination_is_relative_to_the_coordinate_set.py	unstated
98_probes/p2_the_rationalisability_ladder.py	stated
98_probes/p3_a_rung_count_is_a_fact_about_one_table.py	unstated
98_probes/p3b_why_the_order_rung_is_empty_on_real_data.py	unstated
98_probes/p4_priority_order_against_exchange_rate.py	unstated
98_probes/p5_the_reference_coordinate_is_not_a_machine_cost.py	unstated
98_probes/p6_reproduce_the_predecessors_count_and_rung_it.py	stated
98_probes/p7_does_rationalisability_predict.py	unstated
98_probes/p8_which_intents_the_corpus_can_weigh.py	unstated
98_probes/p9_the_proposal_instantiated.py	unstated
SEED_TALKING_POINTS_probes/b1_structural_array.rs	unstated
SEED_TALKING_POINTS_probes/p5_total_ladder.rs	unstated
SEED_THEORY_46_90_probes/a_union_as_lib.rs	unstated
SEED_THEORY_46_90_probes/e_codegen.rs	stated
SEED_THEORY_46_90_probes/fusion.rs	unstated
SEED_THEORY_46_90_probes/spare.rs	unstated
